series,gravity_regime,time_s,spread_rate_mm_s,pixel_x,pixel_y,human_verified
0g,microgravity,1.0,2.3336,1538.5,164.5,False
0g,microgravity,1.25,2.3198,1550,167.5,False
0g,microgravity,1.5,2.3061,1564,170.5,False
0g,microgravity,1.75,2.2924,1577,173.5,False
0g,microgravity,2.0,2.2832,1591,175.5,False
0g,microgravity,2.25,2.2786,1604,176.5,False
0g,microgravity,2.5,2.274,1618,177.5,False
0g,microgravity,2.75,2.2649,1632,179.5,False
0g,microgravity,3.0,2.2489,1645,183,False
0g,microgravity,3.25,2.242,1659,184.5,False
0g,microgravity,3.5,2.2282,1672,187.5,False
0g,microgravity,3.75,2.2099,1686,191.5,False
0g,microgravity,4.0,2.1962,1700,194.5,False
0g,microgravity,4.25,2.187,1713,196.5,False
0g,microgravity,4.5,2.187,1727,196.5,False
0g,microgravity,4.75,2.1916,1740,195.5,False
0g,microgravity,5.0,2.1962,1754,194.5,False
0g,microgravity,5.25,2.1962,1768,194.5,False
0g,microgravity,5.5,2.1962,1781,194.5,False
0g,microgravity,5.75,2.1916,1795,195.5,False
0g,microgravity,6.0,2.1916,1808,195.5,False
0g,microgravity,6.25,2.187,1822,196.5,False
0g,microgravity,6.5,2.1824,1836,197.5,False
0g,microgravity,6.75,2.1824,1849,197.5,False
0g,microgravity,7.0,2.1847,1863,197,False
0g,microgravity,7.25,2.1916,1876,195.5,False
0g,microgravity,7.5,2.2008,1890,193.5,False
0g,microgravity,7.75,2.2099,1904,191.5,False
0g,microgravity,8.0,2.2191,1917,189.5,False
0g,microgravity,8.25,2.2328,1931,186.5,False
0g,microgravity,8.5,2.242,1944,184.5,False
0g,microgravity,8.75,2.2557,1958,181.5,False
0g,microgravity,9.0,2.2603,1972,180.5,False
0g,microgravity,9.25,2.2603,1985,180.5,False
0g,microgravity,9.5,2.2557,1999,181.5,False
0g,microgravity,9.75,2.242,2012,184.5,False
0g,microgravity,10.0,2.2328,2026,186.5,False
0g,microgravity,10.25,2.2328,2040,186.5,False
0g,microgravity,10.5,2.2328,2053,186.5,False
0g,microgravity,10.75,2.2328,2067,186.5,False
0g,microgravity,11.0,2.2328,2080,186.5,False
0g,microgravity,11.25,2.2282,2094,187.5,False
0g,microgravity,11.5,2.2191,2108,189.5,False
0g,microgravity,11.75,2.2099,2121,191.5,False
0g,microgravity,12.0,2.2053,2135,192.5,False
0g,microgravity,12.25,2.2031,2148,193,False
0g,microgravity,12.5,2.2008,2162,193.5,False
0g,microgravity,12.75,2.2008,2176,193.5,False
0g,microgravity,13.0,2.2053,2189,192.5,False
0g,microgravity,13.25,2.2191,2203,189.5,False
0g,microgravity,13.5,2.2374,2216,185.5,False
0g,microgravity,13.75,2.2557,2230,181.5,False
0g,microgravity,14.0,2.2649,2244,179.5,False
0g,microgravity,14.25,2.2626,2257,180,False
0g,microgravity,14.5,2.2511,2271,182.5,False
0g,microgravity,14.75,2.2374,2284,185.5,False
0g,microgravity,15.0,2.2237,2298,188.5,False
0g,microgravity,15.25,2.2168,2312,190,False
0g,microgravity,15.5,2.2145,2325,190.5,False
0g,microgravity,15.75,2.2145,2339,190.5,False
0g,microgravity,16.0,2.2122,2352,191,False
0g,microgravity,16.25,2.2145,2366,190.5,False
0g,microgravity,16.5,2.2237,2380,188.5,False
0g,microgravity,16.75,2.2374,2393,185.5,False
0g,microgravity,17.0,2.2466,2407,183.5,False
0g,microgravity,17.25,2.2557,2420,181.5,False
0g,microgravity,17.5,2.274,2434,177.5,False
0g,microgravity,17.75,2.2924,2448,173.5,False
0g,microgravity,18.0,2.3015,2460,171.5,False
1g,normal_gravity,1.0,2.1847,1538.5,197.0,False
1g,normal_gravity,1.25,2.1985,1555,194,False
1g,normal_gravity,1.5,2.2122,1564,191,False
1g,normal_gravity,1.75,2.258,1580,181,False
1g,normal_gravity,3.25,2.1985,1660.5,194.0,False
1g,normal_gravity,3.5,2.1721,1669.5,199.75,False
1g,normal_gravity,3.75,2.1229,1686,210.5,False
1g,normal_gravity,4.0,2.0565,1701.8,225,False
1g,normal_gravity,4.25,2.0359,1713,229.5,False
1g,normal_gravity,4.5,2.013,1730,234.5,False
1g,normal_gravity,4.75,2.0176,1740,233.5,False
1g,normal_gravity,5.0,2.0187,1757.5,233.25,False
1g,normal_gravity,5.25,2.0027,1767.5,236.75,False
1g,normal_gravity,5.5,1.9637,1783.5,245.25,False
1g,normal_gravity,5.75,1.9534,1793.5,247.5,False
1g,normal_gravity,6.0,1.9489,1810.5,248.5,False
1g,normal_gravity,6.25,1.9798,1819.5,241.75,False
1g,normal_gravity,6.5,2.013,1836,234.5,False
1g,normal_gravity,6.75,2.0038,1845.5,236.5,False
1g,normal_gravity,7.0,1.942,1863,250,False
1g,normal_gravity,7.25,1.8973,1879.5,259.75,False
1g,normal_gravity,7.5,1.8893,1890,261.5,False
1g,normal_gravity,7.75,1.9202,1906.5,254.75,False
1g,normal_gravity,8.0,1.9511,1915.5,248.0,False
1g,normal_gravity,8.25,2.0313,1931,230.5,False
1g,normal_gravity,8.5,2.1092,1945,213.5,False
1g,normal_gravity,8.75,2.1321,1955,208.5,False
1g,normal_gravity,9.0,2.1595,1972,202.5,False
1g,normal_gravity,9.25,2.1527,1981.5,204.0,False
1g,normal_gravity,9.5,2.1321,1999,208.5,False
1g,normal_gravity,9.75,2.1389,2008.5,207.0,False
1g,normal_gravity,10.0,2.1733,2026,199.5,False
1g,normal_gravity,10.25,2.1309,2041.75,208.75,False
1g,normal_gravity,10.5,2.1,2053,215.5,False
1g,normal_gravity,10.75,2.0485,2068.5,226.75,False
1g,normal_gravity,11.0,2.0279,2077.5,231.25,False
1g,normal_gravity,11.25,1.9718,2094,243.5,False
1g,normal_gravity,11.5,1.9099,2109.75,257.0,False
1g,normal_gravity,11.75,1.887,2121,262,False
1g,normal_gravity,12.0,1.8435,2137,271.5,False
1g,normal_gravity,12.25,1.8344,2147,273.5,False
1g,normal_gravity,12.5,1.8412,2164,272,False
1g,normal_gravity,12.75,1.8664,2174,266.5,False
1g,normal_gravity,13.0,1.9076,2189.5,257.5,False
1g,normal_gravity,13.25,1.9042,2199.5,258.25,False
1g,normal_gravity,13.5,1.8641,2216,267,False
1g,normal_gravity,13.75,1.8275,2230,275.0,False
1g,normal_gravity,14.0,1.8069,2244,279.5,False
1g,normal_gravity,14.25,1.8389,2261,272.5,False
1g,normal_gravity,14.5,1.8573,2271,268.5,False
1g,normal_gravity,14.75,1.8618,2288,267.5,False
1g,normal_gravity,15.0,1.8595,2298,268,False
1g,normal_gravity,15.25,1.887,2315,262,False
1g,normal_gravity,15.5,1.9031,2324.5,258.5,False
1g,normal_gravity,15.75,1.9122,2342,256.5,False
1g,normal_gravity,16.0,1.9237,2351.5,254.0,False
1g,normal_gravity,16.25,1.9924,2367,239,False
1g,normal_gravity,16.5,2.0817,2381.5,219.5,False
1g,normal_gravity,16.75,2.0989,2391.5,215.75,False
1g,normal_gravity,17.0,2.1298,2408,209,False
1g,normal_gravity,17.25,2.1435,2418,206,False
1g,normal_gravity,17.5,2.179,2434.5,198.25,False
1g,normal_gravity,17.75,2.2008,2444.5,193.5,False
1g,normal_gravity,18.0,2.2351,2459.5,186.0,False
